seed,group,test_records,actual_higher_income,accuracy_pct,missed_per_100,epsilon
0,Male,2941,926,69.63617817069024,95.14038876889849,3.4078045905450964
0,Female,2930,346,88.39590443686008,98.26589595375722,3.4078045905450964
1,Male,3022,964,69.19258769027135,96.47302904564316,3.4078045905450964
1,Female,2876,334,88.42141863699582,99.7005988023952,3.4078045905450964
2,Male,2966,926,70.90357383681726,92.44060475161987,3.4078045905450964
2,Female,2932,345,88.50613915416098,97.3913043478261,3.4078045905450964
3,Male,2904,896,70.28236914600551,95.98214285714286,3.4078045905450964
3,Female,2981,345,88.69506876886952,97.68115942028986,3.4078045905450964
4,Male,2987,964,69.26682289923,94.70954356846472,3.4078045905450964
4,Female,2895,331,88.67012089810017,99.09365558912387,3.4078045905450964
